hedId	rdfs:label	omn:SubClassOf	Attributes	dc:description	hasUnitClass
HED_0011600	m-per-s^2	StandardUnit	SIUnit, unitSymbol, conversionFactor=1.0, allowedCharacter=caret		accelerationUnits
HED_0011601	radian	StandardUnit	SIUnit, conversionFactor=1.0		angleUnits
HED_0011602	rad	StandardUnit	SIUnit, unitSymbol, conversionFactor=1.0		angleUnits
HED_0011603	degree	StandardUnit	conversionFactor=0.0174533		angleUnits
HED_0011604	m^2	StandardUnit	SIUnit, unitSymbol, conversionFactor=1.0, allowedCharacter=caret		areaUnits
	coulomb	StandardUnit	SIUnit, conversionFactor=1.0		chargeUnits
	C	StandardUnit	SIUnit, unitSymbol, conversionFactor=1.0		chargeUnits
	molar	StandardUnit	SIUnit, conversionFactor=1.0	One mole per liter.	concentrationUnits
	mol-per-L	StandardUnit	SIUnit, unitSymbol, conversionFactor=1.0		concentrationUnits
HED_0011605	dollar	StandardUnit	conversionFactor=1.0		currencyUnits
HED_0011606	$	StandardUnit	deprecatedFrom=8.4.0, unitPrefix, unitSymbol, conversionFactor=1.0, allowedCharacter=dollar	Prefix units are no longer supported. Use dollar.	currencyUnits
HED_0011607	euro	StandardUnit		The official currency of a large subset of member countries of the European Union.	currencyUnits
HED_0011608	point	StandardUnit		An arbitrary unit of value, usually an integer indicating reward or penalty.	currencyUnits
	ampere	StandardUnit	SIUnit, conversionFactor=1000		currentUnits
	A	StandardUnit	SIUnit, unitSymbol, conversionFactor=1000		currentUnits
HED_0011609	V	StandardUnit	SIUnit, unitSymbol, conversionFactor=1000000		electricPotentialUnits
HED_0011610	volt	StandardUnit	SIUnit, conversionFactor=1000000		electricPotentialUnits
	joule	StandardUnit	SIUnit, conversionFactor=1.0		energyUnits
	J	StandardUnit	SIUnit, unitSymbol, conversionFactor=1.0		energyUnits
	calorie	StandardUnit	SIUnit, conversionFactor=4.184	Thermochemical calorie. Use the kilo modifier for dietary kilocalories.	energyUnits
	newton	StandardUnit	SIUnit, conversionFactor=1.0		forceUnits
	N	StandardUnit	SIUnit, unitSymbol, conversionFactor=1.0		forceUnits
HED_0011611	hertz	StandardUnit	SIUnit, conversionFactor=1.0		frequencyUnits
HED_0011612	Hz	StandardUnit	SIUnit, unitSymbol, conversionFactor=1.0		frequencyUnits
HED_0011613	dB	StandardUnit	unitSymbol, conversionFactor=1.0	Intensity expressed as ratio to a threshold. May be used for sound intensity.	intensityUnits
HED_0011614	candela	StandardUnit	SIUnit	Units used to express light intensity.	intensityUnits
HED_0011615	cd	StandardUnit	SIUnit, unitSymbol	Units used to express light intensity.	intensityUnits
HED_0011616	m-per-s^3	StandardUnit	SIUnit, unitSymbol, conversionFactor=1.0, allowedCharacter=caret		jerkUnits
HED_0011617	tesla	StandardUnit	SIUnit, conversionFactor=1.0		magneticFieldUnits
HED_0011618	T	StandardUnit	SIUnit, unitSymbol, conversionFactor=1.0		magneticFieldUnits
HED_0011619	byte	StandardUnit	SIUnit, conversionFactor=1.0		memorySizeUnits
HED_0011620	B	StandardUnit	SIUnit, unitSymbol, conversionFactor=1.0		memorySizeUnits
HED_0011621	foot	StandardUnit	conversionFactor=0.3048		physicalLengthUnits
HED_0011622	inch	StandardUnit	conversionFactor=0.0254		physicalLengthUnits
HED_0011623	meter	StandardUnit	SIUnit, conversionFactor=1.0		physicalLengthUnits
HED_0011624	metre	StandardUnit	SIUnit, conversionFactor=1.0		physicalLengthUnits
HED_0011625	m	StandardUnit	SIUnit, unitSymbol, conversionFactor=1.0		physicalLengthUnits
HED_0011626	mile	StandardUnit	conversionFactor=1609.34		physicalLengthUnits
	watt	StandardUnit	SIUnit, conversionFactor=1000		powerUnits
	W	StandardUnit	SIUnit, unitSymbol, conversionFactor=1000		powerUnits
	pascal	StandardUnit	SIUnit, conversionFactor=1.0		pressureUnits
	Pa	StandardUnit	SIUnit, unitSymbol, conversionFactor=1.0		pressureUnits
	mmHg	StandardUnit	unitSymbol, conversionFactor=133.322	Millimeters of mercury, the conventional unit for blood pressure and intracranial pressure.	pressureUnits
	ohm	StandardUnit	SIUnit, conversionFactor=0.001		resistanceUnits
	Ohm	StandardUnit	SIUnit, unitSymbol, conversionFactor=0.001	ASCII spelling of the ohm symbol.	resistanceUnits
HED_0011627	m-per-s	StandardUnit	SIUnit, unitSymbol, conversionFactor=1.0		speedUnits
HED_0011628	mph	StandardUnit	unitSymbol, conversionFactor=0.44704		speedUnits
HED_0011629	kph	StandardUnit	unitSymbol, conversionFactor=0.277778		speedUnits
HED_0011630	degree-Celsius	StandardUnit	SIUnit, conversionFactor=1.0		temperatureUnits
HED_0011631	degree Celsius	StandardUnit	deprecatedFrom=8.2.0, SIUnit, conversionFactor=1.0	Units are not allowed to have spaces. Use degree-Celsius or oC.	temperatureUnits
HED_0011632	oC	StandardUnit	SIUnit, unitSymbol, conversionFactor=1.0		temperatureUnits
HED_0011633	second	StandardUnit	SIUnit, conversionFactor=1.0		timeUnits
HED_0011634	s	StandardUnit	SIUnit, unitSymbol, conversionFactor=1.0		timeUnits
HED_0011635	day	StandardUnit	conversionFactor=86400		timeUnits
	week	StandardUnit	conversionFactor=604800		timeUnits
HED_0011645	month	StandardUnit			timeUnits
HED_0011636	minute	StandardUnit	conversionFactor=60		timeUnits
HED_0011637	hour	StandardUnit	conversionFactor=3600	Should be in 24-hour format.	timeUnits
HED_0011638	year	StandardUnit		Years do not have a constant conversion factor to seconds.	timeUnits
HED_0011639	m^3	StandardUnit	SIUnit, unitSymbol, conversionFactor=1.0, allowedCharacter=caret		volumeUnits
	liter	StandardUnit	SIUnit, conversionFactor=0.001		volumeUnits
	litre	StandardUnit	SIUnit, conversionFactor=0.001		volumeUnits
	L	StandardUnit	SIUnit, unitSymbol, conversionFactor=0.001		volumeUnits
HED_0011640	g	StandardUnit	SIUnit, unitSymbol, conversionFactor=1.0		weightUnits
HED_0011641	gram	StandardUnit	SIUnit, conversionFactor=1.0		weightUnits
HED_0011642	pound	StandardUnit	conversionFactor=453.592		weightUnits
HED_0011643	lb	StandardUnit	conversionFactor=453.592		weightUnits
